"doi","rx_funding_text","rx_coi_text","rx_funding_found","rx_coi_found"
"10.1177/23794607241262091","FundingThe author(s) received no financial support for the research, authorship, and/or publication of this article.","Declaration of Conflicting InterestsThe author(s) declared no potential conflicts of interest with respect to the research, authorship, and/or publication of this article.",TRUE,TRUE
"10.1080/03069885.2023.2214307","Student Mental Health Research Network (SMARTEN) || UKRI || FundingStudent Mental Health Research Network (SMARTEN): UKRI for funding this project.","Disclosure statementNo potential conflict of interest was reported by the author(s). || Disclosure and helping-seekingDisclosure is a multidimensional construct, including the amount, depth, honesty, intent and valence of information shared about one's mental health challenges. Weighing up the costs and benefits of disclosure and obtaining peer support through the disclosure process has been found to be important in how it is experienced (Zhang & Jung, 2017). Yet, limited research has examined mental health disclosure or help-seeking among AISs studying in the UK. Despite AISs having been identified as a high-risk group for developing psychological distress (Han et al., 2013;Lu et al., 2014), wellbeing services have been reported to be significantly underused by this population (Cheng et al., 2018;Li et al., 2013). Relative to domestic students, AISs have been found to have lower rates of mental health care utilisation yet higher rates of suicidal ideation, suicide attempts and completed suicide (Chen et al., 2019;McKay et al., 2023). Mental health literacy, which is defined by Jorm et al. (1997, p. 182) as ""knowledge and beliefs about mental disorders which aid their recognition, management or prevention"", is commonly found to be a barrier to disclosure and help-seeking among university students (Furnham et al., 2011;Gorczynski et al., 2017). AISs appear to have low levels of mental health literacy, according to Westernised measures that tend to focus on classification and diagnostic categories, which could be explained by their diverse cultural values and beliefs surrounding mental health (Altweck et al., 2015;Soorkia et al., 2011;Tang et al., 2012). For example, it has been reported that Asian people's values advocate emotional self-control, which has been identified by researchers as one of the most salient dimensions in Asian people's values that might lead to negative attitudes towards seeking professional psychological help (Lee et al., 2014;Soorkia et al., 2011). AISs who adhere to this value may not be comfortable with expressing feelings and emotions and view emotional inhibition as a virtue (Kim & Omizo, 2003;Wong et al., 2014;Zhang, 2017). This may lead to more self-reliant ways of dealing with mental health problems and the avoidance of personal disclosure (Carr et al., 2003;Winter et al., 2017).Other cultural factors that may inhibit mental health help-seeking include lack of confidence in English proficiency, fear of burdening others with personal problems and tendencies to somatise psychological problems (Chen et al., 2019;Ra & Trusty, 2015;Smith & Khawaja, 2011). In addition to cultural factors, several systemic factors may also be inhibiting the accessibility of existing mental health support to AISs including lack of awareness on how to access new systems of support and lengthy waiting times for gaining therapeutic input (Barletta & Kobayashi, 2007;Russell et al., 2008;Zhai & Du, 2020). Of the research conducted to date, this has largely focused on international students studying in the US and Australian context; no research to date has explored AIS studying in the Scottish context.",TRUE,TRUE
"10.1177/00302228231185172","Finnish Government Research Funding (Satakunta Hospital District) || unknown || FundingThe author(s) disclosed receipt of the following financial support for the research, authorship, and/or publication of this article: This study was supported through funding from the Finnish Government Research Funding (Satakunta Hospital District), Grant/Award Number: 265/ 2022 and 520/2018 || Grant: 265/ 2022 || Grant: 520/2018","Declaration of Conflicting InterestsThe author(s) declared no potential conflicts of interest with respect to the research, authorship, and/or publication of this article.",TRUE,TRUE
"10.1192/bjo.2023.167",NA,NA,FALSE,FALSE
"10.1111/sjop.12920","LEGO Foundation || ACKNOWLEDGEMENTSWe would like to thank all of the mothers and children for participating in the study and the LEGO Foundation for funding the project. || FUNDING INFORMATIONThe study was funded by the LEGO Foundation.","CONFLICT OF INTERESTThe study was funded by the LEGO Foundation. Toys that were used in the study were donated by LEGO. The funding parties had no deciding power in connection to the design of study and were not involved in the interpretation of the results.",TRUE,TRUE
"10.1111/cdev.14027","AC K NOW L E DGM E N T SThis work was supported by a Graduate Student Research Grant awarded to Wyntre Stout from the College of Arts and Sciences at Lehigh University. These data were also submitted in partial fulfillment of the requirements for Wyntre Stout's doctoral degree at Lehigh University. We thank Grace Fahrney for her help with data collection and coding. Special thanks, as well, to the children, families, and schools that participated in this research.",NA,TRUE,FALSE
"10.32872/cpe.9341","Ministry of National Education in Turkey || BMC Medical Education || Switzerland || University of Ulm || Funding: S.B. receives a scholarship granted by the Ministry of National Education in Turkey. Open Access funding was provided by the University of Ulm. The funders had no role in the study design, data collection, analysis, decision to publish, or preparation of the manuscript. sensing: New developments in psychoinformatics (pp. 261-276). Springer International. https://doi.org/10.1007/978-3-030-31620-4_17 Beatty, L., & Binnion, C. (2016). A systematic review of predictors of, and reasons for, adherence to online psychological interventions. International Journal of Behavioral Medicine, 23(6), 776-794. https://doi.org/10.1007/s12529-016-9556-9 Bell, M. L., Kenward, M. G., Fairclough, D. L., & Horton, N. J. (2013). Differential dropout and bias in randomised controlled trials: When it matters and when it may not. BMJ (Clinical Research Ed.), 346(January), Article e8668. https://doi.org/10.1136/bmj.e8668 Boß, L., Lehr, D., Reis, D., Vis, C., Riper, H., Berking, M., & Ebert, D. D. (2016). Reliability and validity of assessing user satisfaction with web-based health interventions. Journal of Medical Internet Research, 18(8), Article e234. https://doi.org/10.2196/jmir.5952 Böttche, M., Kampisiou, C., Stammel, N., El-Haj-Mohamad, R., Heeke, C., Burchert, S., Heim, E., Wagner, B., Renneberg, B., Boettcher, J., Glaesmer, H., Gouzoulis-Mayfrank, E., Zieselak, J., Konnopka, A., Murray, L., & Knaevelsrud, C. (2021). From formative research to cultural adaptation of a face-to-face and internet-based cognitive-behavioural intervention for Arabicspeaking refugees in Germany. Clinical Psychology in Europe, 3(Special Issue), Article e4623. https://doi.org/10.32872/cpe.4623 Bruffaerts, R., Mortier, P., Kiekens, G., Auerbach, R. P., Cuijpers, P., Demyttenaere, K., Green, J. G., Nock, M. K., & Kessler, R. C. (2018). Mental health problems in college freshmen: Prevalence and academic functioning. Journal of Affective Disorders, 225(1), 97-103. https://doi.org/10.1016/j.jad.2017.07.044 Byrne, E., Brugha, R., & McGarvey, A. (2019). ""A melting pot of cultures"" -Challenges in social adaptation and interactions amongst international medical students. BMC Medical Education, 19(1), Article 86. https://doi.org/10.1186/s12909-019-1514-1 Carlbring, P., Andersson, G., Cuijpers, P., Riper, H., & Hedman-Lagerlöf, E. (2018). Internet-based vs. face-to-face cognitive behavior therapy for psychiatric and somatic disorders: An updated systematic review and meta-analysis. Cognitive Behaviour Therapy, 47(1), 1-18. https://doi.org/10.1080/16506073.2017.1401115 Castellanos, R., Yildiz Spinel, M., Phan, V., Orengo-Aguayo, R., Humphreys, K. L., & Flory, K. (2020). A systematic review and meta-analysis of cultural adaptations of mindfulness-based interventions for Hispanic populations. Mindfulness, 11(2), 317-332. https://doi.org/10.1007/s12671-019-01210-x Chu, J., & Leino, A. (2017). Advancement in the maturing science of cultural adaptations of evidence-based interventions. Journal of Consulting and Clinical Psychology, 85(1), 45-57. https://doi.org/10.1037/ccp0000145 Clement, S., Schauman, O., Graham, T., Maggioni, F., Evans-Lacko, S., Bezborodovs, N., Morgan, C., Rüsch, N., Brown, J. S. L., & Thornicroft, G. (2015). What is the impact of mental health-related stigma on help-seeking? A systematic review of quantitative and qualitative studies. Psychological Medicine, 45(1), 11-27. https://doi.org/10.1017/S0033291714000129 || Grant: 31620-4_17 || Acknowledgments:We would like to acknowledge the valuable support from our interns Ms. Ayse Yürekli and Ms.Kevser Aksoy in study management, content creation, and our research assistants Tim Dretzler, Jana Moos, and Francesca Mildenberger in assessment procedure and study administration, and Mathias Harrer for his support in offering the English webpages of StudiCare, and Yannik Terhorst for his consultation on data analyses. We would like to especially thank all the cooperating universities around Germany, Austria, and Switzerland for their support of recruitment.","Competing Interests: The authors have declared that no competing interests exist.",TRUE,TRUE
"10.1016/j.jecp.2023.105761",NA,NA,FALSE,FALSE
"10.1192/bjo.2023.288",NA,NA,FALSE,FALSE
"10.1111/bjc.12441",NA,"CON F L IC T OF I N T ER E S T S TAT E M E N TNone.",FALSE,TRUE
"10.3390/bs13070596","Funding: This research received no external funding.Institutional Review Board Statement: Not applicable.",NA,TRUE,FALSE
"10.1002/jclp.23591","National Institute on Drug Abuse || National Institute of Mental Health || Office of Research on Women's Health || National Institute on Alcohol Abuse and Alcoholism || Funding informationNational Institute on Alcohol Abuse and Alcoholism, Grant/Award Number: K23AA027307; National Institute on Drug Abuse, Grant/Award Number: T32DA007288; National Institute of Mental Health, Grant/Award Number: R43MH122045; Office of Research on Women's Health, Grant/Award Number: U54DA016511 || Grant: K23AA027307 || Grant: T32DA007288 || Grant: R43MH122045 || Grant: U54DA016511 || ACKNOWLEDGMENTSThis manuscript is the result of work supported, in part, by the National Institute on Alcohol Abuse and Alcoholism (K23AA027307), the National Institute on Drug Abuse (T32DA007288), the National Institute of Mental Health (R43MH122045), and the Office of Research on Women's Health (U54DA016511).",NA,TRUE,FALSE
"10.3390/bs13030262",NA,"Conflicts of Interest:The authors declare no conflict of interest.",FALSE,TRUE
"10.1002/pits.22879",NA,"CONFLICT OF INTEREST STATEMENTThe authors declare no conflicts of interest.",FALSE,TRUE
"10.1037/fam0001134","National Institutes of Health || unknown || National Institutes of Health under Award P50DA048756. The content is solely the responsibility of the authors and does not necessarily represent the official views of the National Institutes of Health.The findings from this research were presented at a webinar on behalf of the Center on Parenting and Opioids on January 26, 2023 and are available at https://cpo.uoregon.edu/for_scientists. Data will be available on the Center on Parenting and Opioids data repository which is currently under development and will be available at https://cpo.uoregon.edu. This study was registered with https://clinicaltrials.gov (Identifier NCT04532619), Protocol Number 12132019.029. || Grant: P50DA048756 || Grant: 12132019",NA,TRUE,FALSE
"10.1177/17446295231189018","Hungarian Academy of Sciences || Faculty of Education and Psychology of Eötvös Loránd University, Hungary || FundingThe author(s) disclosed receipt of the following financial support for the research, authorship, and/or publication of this article: This work was partially supported by a Doctoral Student Research Grant from the Faculty of Education and Psychology of Eötvös Loránd University, Hungary awarded to Angélica Liseth Mero Piedra and by a Research Programme for Public Education Development grant from the Hungarian Academy of Sciences, Klara Marton, P.I. || AcknowledgementsThe authors would like to express their gratitude to the children who participated in this study and the teachers, parents, and intervention assistants for their support.","Declaration of conflicting interestsThe author(s) declared no potential conflicts of interest with respect to the research, authorship, and/or publication of this article.",TRUE,TRUE
"10.1037/emo0001325","Canada Foundation for Innovation || Canada Foundation for Innovation (504823). The authors have no known conflicts of interest to disclose. All funding acquisition, supervision, and writing-review and editing and served in a supporting role for conceptualization, formal analysis, investigation, methodology, project administration, resources, and validation. Fund (506694) and || Grant: 504823 || Grant: 506694","The authors have no known conflicts of interest to disclose.",TRUE,TRUE
"10.1177/18344909231205046","FundingThe authors received no financial support for the research, authorship, and/or publication of this article.","Declaration of conflicting interestsThe authors declared no potential conflicts of interest with respect to the research, authorship, and/or publication of this article.",TRUE,TRUE
"10.5964/jspp.9275","European Social Fund || Secretary of Universities and Research of the Catalan Government [Generalitat de Catalunya] || Funding: This work was supported by the Secretary of Universities and Research of the Catalan Government [Generalitat de Catalunya] and European Social Fund (grant number 2021FI_B2 0026). || Acknowledgments:The authors have no support to report. || Grant: 2021FI_B2 0026","Competing Interests:The authors have declared that no competing interests exist.",TRUE,TRUE
"10.1080/00029157.2023.2194347",NA,"Disclosure statementNo potential conflict of interest was reported by the author(s).",FALSE,TRUE
"10.1002/capr.12656",NA,NA,FALSE,FALSE
"10.1017/s1355617723002424",NA,NA,FALSE,FALSE
"10.1177/00187208231159727","Naval Research Laboratory || Grant: N00173-20-2-C003 || ACKNOWLEDGMENTSThis work was supported by a grant from the Naval Research Laboratory N00173-20-2-C003 to Randall W. Engle. We thank two anonymous reviewers for their helpful comments on an earlier version.",NA,TRUE,FALSE
"10.1192/bjo.2023.253",NA,NA,FALSE,FALSE
"10.1177/13591053221141131","American Occupational Therapy Foundation || unknown || FundingThe authors disclosed receipt of the following financial support for the research, authorship, and/or publication of this article: This research was supported in full with an AOTF Intervention Research Grant (AOTFIRG21Han) funded by the American Occupational Therapy Foundation. || Grant: NCT04847986 || AcknowledgementsWe are grateful to all the study participants for giving their precious time and goodwill in volunteering for the present study. We thank the Directors of the Area Agencies on Aging and adult day programs for people with dementia for their help in participant recruitment, Lauren Edwards (the project coordinator), Mackenzie Steger (the research assistant for data entry), Donna Burnett (the grant program manager in the OT department at UAB), and Emily Delzell for her help in editing this manuscript (the grant writer in the OT department at UAB).","Declaration of conflicting interestsThe authors declared no potential conflicts of interest with respect to the research, authorship, and/or publication of this article.",TRUE,TRUE
"10.1080/10447318.2023.2261731","College of Communication Arts and Sciences at Michigan State University || AcknowledgementsWe thank the College of Communication Arts and Sciences at Michigan State University for the Brandt Fellowship awarded to Wei Peng for partially supporting the data collection in this work. The authors confirm their contribution to the paper as follows according to the CRediT author statement: EZ: Conceptualization, Methodology, Resources, Investigation, Data Curation, Formal Analysis, Writing-Original Draft, Writing-Review & Editing; MM: Conceptualization, Methodology, Formal Analysis, Writing-Review & Editing, Supervision; MR: Resources, Writing-Review & Editing; WP: Writing-Review & Editing, Funding Acquisition.","Disclosure statementNo potential conflict of interest was reported by the author(s).",TRUE,TRUE
"10.1002/ijop.12937",NA,NA,FALSE,FALSE
"10.1080/00224545.2023.2216880","FundingThe author(s) reported there is no funding associated with the work featured in this article.","Disclosure statementNo potential conflict of interest was reported by the author(s).",TRUE,TRUE
"10.1002/icd.2419","Council of Hong Kong || ECS || Education University of Hong Kong || Research Grants Council of Hong Kong || Funding informationResearch Grants Council of Hong Kong, Grant/Award Number: ECS Project 28601017; The Education University of Hong Kong, Grant/Award Number: DRG Project 2018-19/002 || FUNDING INFORMATION This research was supported by the Research Grants Council of Hong Kong [ECS Project 28601017] and the Education University of Hong Kong [DRG Project 2018-19/002]. || Grant: 28601017 || Grant: DRG Project 2018-19/002",NA,TRUE,FALSE
"10.1080/00273171.2023.2254541","Funding:The first author was supported by summer research fellowship from college of education, Michigan State University.Role of the Funders/ Sponsors: None of the funders or sponsors of this research had any role in the design and conduct of the study; collection, management, analysis, and interpretation of data; preparation, review, or approval of themanuscript; or decision to submit the manuscript for publication.","Article informationConflict of interest disclosures: Each author signed a form for disclosure of potential conflicts of interest. No authors reported any financial or other conflicts of interest in relation to the work described.",TRUE,TRUE
"10.1080/00140139.2023.2176551","Motor Accident Insurance Commission
					MAIC || Australian Government || Road Safety Research Collaboration, University of the Sunshine Coast || QUT || FundingThis research was supported by the Motor Accident Insurance Commission (MAIC) as a funder of CARRS-Q, QUT, and the Road Safety Research Collaboration, University of the Sunshine Coast. The Australian Government contributed financially via the Research Training Programme Scholarship for the first author's PhD. || AcknowledgementsThe views expressed herein are those of the authors and are not necessarily those of the funders. We would like to thank Mohammad Faramarzian, Catherine Kennon, and Lee Jones for their assistance with producing the graphics for the experiments, setting up the Qualtrics experiment's advanced features, and advanced statistical advice.","Disclosure statementNo potential conflict of interest was reported by the author(s).",TRUE,TRUE
"10.1192/bjo.2023.379",NA,NA,FALSE,FALSE
"10.1080/23279095.2022.2162900","Fredrik and Ingrid Thuring's Foundation || FundingFunding was received from the Fredrik and Ingrid Thuring's Foundation.","Disclosure statementNone of the authors have received financial benefits from education, talks, or presentations related to this study. MB was (during the conception and data collection) employed at Capio Psychiatry Nacka, Stockholm County, and WeMind, TH was at The Neuropsychiatric Unit, Psychiatry Northwest, Stockholm Health Care Services. The founder of the intervention used has previously acted as a supervisor for DS and TH but has not been involved in any phase of this study. TH receives royalties from Hogrefe for non-pharmacological intervention manuals not related to this study.",TRUE,TRUE
"10.1080/00918369.2023.2252964","FundingThe author(s) reported there is no funding associated with the work featured in this article. || AcknowledgmentsMadison would like to thank the members of their dissertation committee-Megan Kowalske, Brandy Pleasants, Cathryn Bailey, and Nancy DeJoy-for their support and guidance throughout the project and for their suggestions on improving the manuscript.","Disclosure statementNo potential conflict of interest was reported by the author(s).",TRUE,TRUE
"10.1080/10400419.2023.2177810",NA,"Disclosure statementNo potential conflict of interest was reported by the author(s).",FALSE,TRUE
"10.1192/bjo.2023.290",NA,NA,FALSE,FALSE
"10.1037/fam0001090","UKRI || Innovation Funding Service || unknown || ALSPAC || U.K. Medical Research Council and Wellcome || University of Bristol || Grant: 217065/Z/19/Z || Grant: R2D2-MH || Grant: Ref No. 10037942 || Grant: 00003312 || Acknowledgements and DisclosuresThe authors are extremely grateful to all the families who took part in this study, the midwives for their help in recruiting them, and the whole Avon Longitudinal Study of Parents and Children (ALSPAC) team, which includes interviewers, computer and laboratory technicians, clerical workers, research scientists, volunteers, managers, receptionists, and nurses. The U.K. Medical Research Council and Wellcome (Grant 217065/Z/19/Z) and the University of Bristol provided core support for ALSPAC. A comprehensive list of grants funding is available on the ALSPAC website: https://www.bristol.ac.uk/ alspac/external/documents/grant-acknowledgements.pdf. This publication is the work of the authors, and they will serve as guarantors for the contents of this article. Dieter Wolke is supported by a grant by the Innovation Funding Service (Horizon Europe Project: R2D2-MH); UKRI Ref No. 10037942. The authors have no conflicts of interest to declare that are relevant to the content of this article. Although these data are available and have been used by many different people and labs, our study is the first, as far as we are aware, that has investigated bidirectional associations between child hyperactivity and mother-child as well as sibling dyad negativity, as they unfold over time within a given family.","The authors have no conflicts of interest to declare that are relevant to the content of this article.",TRUE,TRUE
"10.32872/cpe.10451","Funding: Research Institute, University of Buenos Aires.","Competing Interests: The authors have declared that no competing interests exist.",TRUE,TRUE
"10.1002/ajcp.12671",NA,"CONFLICT OF INTEREST STATEMENTThe authors declare no conflicts of interest.",FALSE,TRUE
"10.1177/13623613231173757","FundingThe author(s) received no financial support for the research, authorship, and/or publication of this article.","Declaration of conflicting interestsThe author(s) declared no potential conflicts of interest with respect to the research, authorship, and/or publication of this article.",TRUE,TRUE
"10.1037/mot0000311","Australian Research Council || This study was funded by an Australian Research Council Grant (DP200101555) awarded to the authors (principal investigator: Nikos Ntoumanis). All data for this project have been made publicly accessible via the Open Science Framework (https://osf.io/cpgb6/) and have been deposited on the APA repository (https://osf.io/y2pxt/). || Grant: DP200101555",NA,TRUE,FALSE
"10.1080/20445911.2023.2227400","FRQNT || Fonds de recherche du Québec -Nature et technologies (FRQNT) || Natural Sciences and Engineering Research Council of Canada
					NSERC || NSERC || Fonds de recherche du Québec -Nature et technologies || FundingThis work was supported by Fonds de recherche du Québec -Nature et technologies [Grant Number 2014-NC-171913]; Natural Sciences and Engineering Research Council of Canada [Grant Number RGPIN-05626-2020]. || Grant: 2014-NC-171913 || Grant: RGPIN-05626-2020 || AcknowledgementsWe are grateful to Joanie Lamirande, Michaël Lévesque-Dion, and Alessandro Pozzi for assistance with data collection. This research was supported by grants from the Natural Sciences and Engineering Research Council of Canada (NSERC) and the Fonds de recherche du Québec -Nature et technologies (FRQNT) awarded to François Vachon. Katherine Labonté received support from the NSERC in the form of a doctoral scholarship and from the FRQNT in the form of a postdoctoral scholarship. Correspondence concerning this article may be addressed to Katherine Labonté (katherine.labonte@mail.mcgill.ca).","Disclosure statementNo potential conflict of interest was reported by the authors.",TRUE,TRUE
"10.1186/s40359-023-01437-3","FundingThere was no funding for this study.","Competing interestsThe authors declare no competing interests.",TRUE,TRUE
"10.1192/bjo.2023.291",NA,NA,FALSE,FALSE
"10.1111/jar.13173",NA,"CONFLICT OF INTEREST STATEMENTThe authors have no conflicts of interest to declare.",FALSE,TRUE
"10.1080/13854046.2023.2219024","Research Foundation Flanders
					FWO || FundingThis study was supported by the Research Foundation Flanders (Fonds Wetenschappelijk Onderzoek, FWO) [G0H7718N, 11G1120N]. || Grant: G0H7718N || Grant: 11G1120N","Disclosure statementThe authors report there are no competing interests to declare.",TRUE,TRUE
"10.1017/s0142716422000480",NA,NA,FALSE,FALSE
"10.1002/cpp.2863","Projekt DEAL || MEDICE Arzneimittel Pütter GmbH & Co KG || Funding informationThis project and AW are funded by MEDICE Arzneimittel Pütter GmbH & Co KG given to AP and NB. || ACKNOWLEDGEMENTSOpen Access funding enabled and organized by Projekt DEAL.","[COI heading found, statement text missing in TEI]",TRUE,TRUE
"10.1080/10447318.2023.2171350","Xi'an Jiaotong-Liverpool University || Natural Science Foundation of the Jiangsu Higher Education Institutions of China || unknown || National Natural Science Foundation of China || Funding This work is supported by the National Natural Science Foundation of China [62207022], Natural Science Foundation of the Jiangsu Higher Education Institutions of China [22KJB520038], and the Xi'an Jiaotong-Liverpool University [SURF-2021045, RDF-20-02-47 and TDF20/21-R22-142]. || Grant: 62207022 || Grant: 22KJB520038 || Grant: SURF-2021045 || Grant: RDF-20-02-47 || Grant: TDF20/21-R22-142","Disclosure statementNo potential conflict of interest was reported by the author(s).",TRUE,TRUE
"10.1111/fare.12978",NA,NA,FALSE,FALSE
"10.1111/bjso.12688","AC K NO W L E DGE M E N T SThis publication is a part of the project ""The biased reality of online media -Using stereotypes to make media manipulation visible"" (with project number 406.DI.19.059) of the research programme Open Competition Digitalisation-SSH, which is financed by the Dutch Research Council (NWO). We further want to acknowledge that this research would not be possible without the research efforts and open data policies of Project Implicit (https:// www. proje ctimp licit. net/ ).","CON F L IC T OF I N T ER E S T S TAT E M E N TThere are no conflicts of interest to report.",TRUE,TRUE
"10.1002/cpp.2908",NA,"CONFLICT OF INTEREST STATEMENTThe authors declare no conflicts of interest.",FALSE,TRUE
"10.1080/23279095.2023.2262659","FundingThe author(s) reported there is no funding associated with the work featured in this article.","Disclosure statementNo potential conflict of interest was reported by the author(s).",TRUE,TRUE
"10.1177/00220426231155664","National Institute on Drug Abuse of the National Institutes of Health || FundingThe author(s) disclosed receipt of the following financial support for the research, authorship, and/or publication of this article: This research was supported by the National Institute on Drug Abuse of the National Institutes of Health under award number R34DA048345. The Dean of Faculty Offices at Trinity College and Bates College also supported this study. || Grant: R34DA048345","Declaration of Conflicting InterestsThe author(s) declared no potential conflicts of interest with respect to the research, authorship, and/or publication of this article.",TRUE,TRUE
"10.3758/s13414-023-02743-z","Supplementary InformationThe online version contains supplementary material available at https:// doi. org/ 10. 3758/ s13414-023-02743-z.Funding Open access funding provided by Northeastern University Library This work was funded by National Institutes of Health (NIH) National Institute on Deafness and Other Communication Disorders (NIDCD) Grant No. R01 DC 015051. Equipment and engineering support were provided by the University of California Riverside Brain Game Center. The first author was partially funded by CONACYT and UC Mexus.Open Science Statement None of our experiments was pre-registered. All materials of the study including stimuli, tasks are available online for free (see https:// ucrbr ainga mecen ter. github. io/ PART_ Utili  ties/).","DeclarationsConflict of interest The authors have no conflicts of interest to declare.Open Access This article is licensed under a Creative Commons Attribution 4.0 International License, which permits use, sharing, adaptation, distribution and reproduction in any medium or format, as long as you give appropriate credit to the original author(s) and the source, provide a link to the Creative Commons licence, and indicate if changes were made.",TRUE,TRUE
"10.1177/08862605231176799","John Templeton Foundation || unknown || FundingThe author(s) disclosed receipt of the following financial support for the research and/ or authorship of this article: 411550_GR411543-TEAR; AWD_7773280; Under: John Templeton Foundation; grant ID no. 61131. || Grant: 411550_GR411543-TEAR || Grant: AWD_7773280 || Grant: 61131 || AcknowledgmentsWe would like to thank all the Nigerian women and men who participated in this study and shared their time. We credit the hard work of our Nigerian data collectors, staff at Tearfund-Nigeria, and Georgetown University students who contributed to the data collection and analysis. We would also like to thank John Templeton Foundation for their financial support.","Declaration of Conflicting InterestsThe author(s) declared no potential conflicts of interests with respect to the authorship and/or publication of this article.",TRUE,TRUE
"10.1002/cpp.2879","The authors received no funding from an external source for the present study. Drs.",NA,TRUE,FALSE
"10.1177/17446295231213436","FundingThe author(s) received no financial support for the research, authorship, and/or publication of this article.","Declaration of conflicting interestsThe author(s) declared no potential conflicts of interest with respect to the research, authorship, and/or publication of this article.",TRUE,TRUE
"10.1007/s12671-023-02202-8","CAUL || Member Institutions || Funding Open Access funding enabled and organized by CAUL and its Member Institutions","Conflict of InterestThe authors declare no competing interests.Open Access This article is licensed under a Creative Commons Attribution 4.0 International License, which permits use, sharing, adaptation, distribution and reproduction in any medium or format, as long as you give appropriate credit to the original author(s) and the source, provide a link to the Creative Commons licence, and indicate if changes were made.",TRUE,TRUE
"10.1080/10447318.2023.2276529","National Science and Technology Council || Taiwan || FundingThis research was supported in part by the National Science and Technology Council (contracts MOST110-2221-E-155-042-MY3), Taiwan. || Grant: MOST110-2221-E-155-042-MY3","Disclosure statementNo potential conflict of interest was reported by the author(s).",TRUE,TRUE
"10.1080/0092623x.2023.2226130","unknown || FundingJoana Carvalho was working under the frame of NORTE-01-0145-FEDER-000057. || Grant: NORTE-01-0145-FEDER-000057","Disclosure statementThe authors have no conflicts of interest to declare that are relevant to the content of this article.",TRUE,TRUE
"10.1017/gmh.2023.71","Beijing Medical and Health Foundation || National Clinical Key Specialty Project Foundation (CN) || Grant: MH180924","Competing interest. The authors declare none.",TRUE,TRUE
"10.1037/xge0001439","DARPA Machine Common Sense
					MCS || NSF Science Technology Center || National Science Foundation
					NSF || Jacobs Foundation Fellowship || Grant: CCF-1231216 || Grant: 2121009 || AcknowledgmentsWe thank Joshua Tenenbaum for helpful comments, and Eric Bigelow for discussions and analysis. T.D.U. and K.A.S. are supported by NSF Science Technology Center Award CCF-1231216, and the DARPA Machine Common Sense (MCS) program. T.D.U is supported by the Jacobs Foundation Fellowship. K.A.S. is supported by NSF grant: Adversarial Collaborative Research on Intuitive Physical Reasoning (#2121009).",NA,TRUE,FALSE
"10.1080/08995605.2023.2188046","University Professorship in Health Sciences, College of Health Sciences, University of Kentucky || Endowment || FundingThis research was partially funded with pilot funding from the Endowment from University Professorship in Health Sciences, College of Health Sciences, University of Kentucky.",NA,TRUE,FALSE
"10.1111/jopy.12890","Projekt DEAL || ACKNOWLEDGMENTSThe prestudies, the main study, and the analysis plan were preregistered: https:// aspre dicted. org/ VK2_ Q9G. We thank G. Ehmer, M. Geppert, D. Venek, M. Werner, and V. Wüst for their helpful support in conducting the pilot studies. Open Access funding enabled and organized by Projekt DEAL. || FUNDING INFORMATIONNo funding to declare.","CONFLICT OF INTEREST STATEMENTAndreas Mokros is first author of the German version of the Hare Psychopathy Checklist-Revised (PCL-R) and receives royalties from its sale. The other authors indicate that there is no conflict of interest that could be perceived as prejudicing the impartiality of the research reported.",TRUE,TRUE
"10.1080/03069885.2023.2217336","Authors' notesThe authors thank Benny A. Benjamin on his helpful comments on an earlier version of this article. The Morton L. Mandel Chair of the second author supported the research. Correspondence concerning this article should be addressed to Moshe Tatar, The Seymour Fox School of Education, The Hebrew University, Jerusalem 9190501, ISRAEL.","Disclosure statementNo potential conflict of interest was reported by the author(s).",TRUE,TRUE
"10.1186/s41235-022-00459-6","Research Fund of KU Leuven || Research Foundation-Flanders (FWO) || FundingThis research was supported by Research Program G073317N of the Research Foundation-Flanders (FWO) and Grant C14/17/047 of the Research Fund of KU Leuven. || Grant: G073317N || Grant: C14/17/047","Competing interestsThe authors declare that they have no competing interests.",TRUE,TRUE
"10.1177/13623613221149542","Israel Innovation Authority || FundingThe author(s) disclosed receipt of the following financial support for the research, authorship, and/or publication of this article:The ASKY system was developed with the support of the Israel Innovation Authority to R.L.","Declaration of conflicting interestsThe author(s) declared the following potential conflicts of interest with respect to the research, authorship, and/or publication of this article: R.L. hopes in future to receive royalties from the ASKY questionnaire.",TRUE,TRUE
"10.1080/09658211.2023.2256055","Funding","Disclosure statementNo potential conflict of interest was reported by the author(s).",TRUE,TRUE
"10.1080/10447318.2023.2241292",NA,"Disclosure statementThe authors declare no conflict of interest.",FALSE,TRUE
"10.1186/s40359-023-01302-3","FundingThis research did not receive any specific grant from funding agencies in the public, commercial, or not-for-profit sectors.","Competing interestsThe authors declare that they have no competing interests.• fast, convenient online submission • thorough peer review by experienced researchers in your field",TRUE,TRUE
"10.1177/10538151231217483","National Foundation for Autism Research
					NFAR || FundingThe author(s) disclosed receipt of the following financial support for the research, authorship, and/or publication of this article: This project was supported by a grant from the National Foundation for Autism Research (NFAR).","Declaration of Conflicting InterestsThe author(s) declared the following potential conflicts of interest with respect to the research, authorship, and/or publication of this article: In that some of the authors were or have been employed by the organization housing the community-based program evaluated in this paper.",TRUE,TRUE
"10.1037/xge0001472","unknown || European Research Council
					ERC || European Union || Funding StatementThis work was supported by a grant from the European Research Council (ERC) under the European Union's Horizon 2020 research and innovation programme (ERC-CoG IDENTITIES Grant agreement N. [101002163]; Principal investigator: Elisabetta Crocetti). || Grant: N. [101002163 || Migrants' Integration Policies Within Families and Across Generational GroupsThe second goal of the present study was to examine similarities and differences across the generations of adolescents, parents, and teachers. Are young people more inclusive than their elders? Overall, this study provided a nuanced pattern of differences. First, adolescents reported more positive attitudes toward the integration policies than their parents. The dyadic analyses also confirmed these results, according to which adolescents reported more positive attitudes toward integration policies compared to their mothers and fathers. While these findings point out differences within-family members, in line with generational theories' assumptions (Howe & Strauss, 2000;Strauss & Howe, 1991), it should be noted that they were characterized by small-tomoderate effect sizes, thus highlighting that intergenerational transmission processes are still operating (for reviews, see Degner & Dalege, 2013;Zagrean et al., 2022). Second, differences emerge also in the adolescents-teacher comparison but in the opposite direction, with the latter found to overcome the former in their attitudes toward integration policies and to be the most inclusive group of participants in the current study. Taken together, these findings underline that comparing adolescents with the older generations is not clear-cut but depends on the target group. Notably, adolescents develop their social attitudes in interaction with the different models provided by their main socialization contexts (i.e., family and school). In this vein, teachers, as the group with the most positive attitudes toward integration policies, can be regarded as crucial social agents able to promote inclusiveness and openness to diversity. This is in line with prior research highlighting how teachers endorsing cultural pluralism and treating students equally regardless of their ethnic background can create an educational environment where youth can engage in more positive intergroup relations (Juang & Schachner, 2020;Karataş et al., 2023). || Study I: The Development of the Attitudes Toward Migrant Integration Policies (AMIP)","Conflict of Interests DisclosureThe authors report no conflict of interests.",TRUE,TRUE
"10.1037/pspi0000433","American Psychological Association || project administration, supervision, validation, and writing-review and editing. Nadav funding acquisition and resources, a supporting role in formal analysis, and an equal role in conceptualization, investigation, methodology, supervision, validation, and writing-review and editing.",NA,TRUE,FALSE
"10.1111/fare.12986","National Institute of General Medical Sciences
					NIGMS || National Institutes of Health
					NIH || NIGMS Native American Research Centers for Health || Research reported in this publication was supported by the National Institute of General Medical Sciences (NIGMS) of the National Institutes of Health (NIH) under award number U54GM115371 and by the NIGMS Native American Research Centers for Health (award number S06GM123545). The content is solely the responsibility of the authors and does not necessarily represent the official views of the NIH. The authors have no conflicts of interest to declare. || Grant: U54GM115371 || Grant: S06GM123545","The authors have no conflicts of interest to declare.",TRUE,TRUE
"10.1002/cpp.2905","Projekt DEAL || ACKNOWLEDGMENTSThe authors would like to thank Hatun Aycik, Lioba Karbach, Anne Maurer, Hannah Matz, Luisa Neuhaus, Avin Saleh, Melanie Stevens and Fani Brade for their willingness to conduct the blended therapy programme and to share their experiences. In particular, we thank the patients for participating in the study and the treatment programme.In addition, we thank Carla Lohre for helping with the data collection and Luca Weigand and Annika Hartmann for helping with the data checking. Open Access funding enabled and organized by Projekt DEAL.","CONFLICT OF INTEREST STATEMENTLBS received grants from the German Research Foundation during the conduct of the study and personal fees from psychotherapy training institutes, clinic providers and the German pension fund outside the submitted work. All other authors declare no competing interests.",TRUE,TRUE
"10.3390/psych5040068","Funding: This research received no external funding.","Conflicts of Interest:The author declares no conflict of interest.",TRUE,TRUE
"10.1002/jcop.22994",NA,"CONFLICT OF INTERESTThe authors declare no conflict of interest.",FALSE,TRUE
"10.1002/capr.12682",NA,"CO N FLI C T O F I NTE R E S T S TATE M E NTThe authors declare that there is no conflict of interest for this research.",FALSE,TRUE
"10.1037/dev0001609","Port Waratah Coal Services || National Health and || unknown || Hunter Children's Research Foundation || Hunter Medical Research Institute || National Heart Foundation of Australia || This work was supported by the Hunter Medical Research Institute with research grants from Port Waratah Coal Services (G1401411, 2014) and the Hunter Children's Research Foundation (G1301335, 2014). David R. Lubans is funded by a National Health and Medical Research Senior Research Fellowship (APP1154507). During this study, Myles D. Young was funded by a National Heart Foundation of Australia postdoctoral fellowship. The funding bodies had no role in the design and conduct of the study; collection, management, analysis, and interpretation of the data; preparation, review, or approval of the manuscript; and decision to submit the manuscript for publication. || Grant: G1401411 || Grant: 2014 || Grant: G1301335 || Grant: APP1154507",NA,TRUE,FALSE
"10.1111/cdev.14006","AC K NOW L E DGM E N T SThis study was funded by the Eunice Kennedy Shriver National Institute of Child Health and Human Development (National Institutes of Health grant R01HD081361) to the University of Wisconsin-Madison. The Recipe 4 Success intervention was developed with funding from the National Center for Advancing Translational Sciences (National Institutes of Health grant UL Tr000127 to the Clinical and Translational Science Institute of Pennsylvania State University), the Social Sciences Research Institute of Pennsylvania State University, and the Edna Bennett Pierce Prevention Research Center of Pennsylvania State University. The intervention was the result of a community-based participatory research collaboration involving Mark Feinberg, Lori Francis, Sukhdeep Gill, Robert Nix, and Cynthia Stifter, and numerous Early Head Start administrators and home visitors from Pennsylvania. We are grateful to our community partners for this trial from Wisconsin and Pennsylvania, and we are grateful to all participating families.",NA,TRUE,FALSE
"10.1080/23273798.2022.2159992","Economic and Social Research Council; Medical Research Council
					MRC || ESRC-MRC Multidisciplinary || FundingThis work was supported by Economic and Social Research Council; Medical Research Council (MRC). || AcknowledgementsThis work was part of the first author's doctoral dissertation at University College London, which was supported by an ESRC-MRC Multidisciplinary Studentship to LMB. An earlier version of this work was included in LMB's PhD thesis submitted in 2019. The authors would like to thank Bonnie Kim for assistance with the experiment set up and data collection for Experiment 1.","Disclosure statementNo potential conflict of interest was reported by the author(s).",TRUE,TRUE
"10.1111/desc.13432","unknown || Leverhulme Trust || Funding informationLeverhulme Trust, Grant/Award Number: RPG-2019-003 || Grant: RPG-2019-003 || ACKNOWLEDGEMENTSThis study was supported by a Leverhulme grant number RPG-2019-003 to Emily K. Farran and Camilla Gilmore.","CONFLICT OF INTEREST STATEMENTAuthors declare no conflict of interest.",TRUE,TRUE
"10.1111/jopy.12855","Aresty Research Center || ACKNOWLEDGMENTSThis research was supported in part by a grant from the Aresty Research Center. Data, syntax, study materials, and a supplemental file can be found on OSF at the following link: https://osf.io/qxkjw/ ?view_only=aef02 f2fed 5145c  68d7c 21ed2 a2d4e50. Studies 1-4 were not preregistered. A pre-registration for Supplemental Study 2 can be found on OSF at the following link: 10.17605/ OSF.IO/J4NP2. 3  We selected the name Jacob for the target as it has been ranked in the top five most popular names for boys in the United States in the last three decades (Social Security Administration, 2022).","CONFLICT OF INTEREST STATEMENTThe authors have no conflicting interests to declare.",TRUE,TRUE
"10.1186/s40359-023-01249-5","German Federal Ministry for Education and Research (BMBF) || DFG || Deutsche Forschungsgemeinschaft || Network for University Medicine || unknown || State of Rhineland-Palatinate, Germany || Leibniz Institute for Resilience Research) || CEOsys and EViPan projects) || European Union || FundingThis project has received funding from the European Union's Horizon 2020 research and innovation program under Grant Agreement numbers 777084 (DynaMORE project) and 101016127 (RESPOND project), Deutsche Forschungsgemeinschaft (DFG Grant CRC 1193, subprojects B01, C01, C04, Z03), the German Federal Ministry for Education and Research (BMBF) as part of the Network for University Medicine under Grant number 01KX2021 (CEOsys and EViPan projects), and the State of Rhineland-Palatinate, Germany (MARP program, DRZ program, Leibniz Institute for Resilience Research). The funding agencies had no part in study design, collection, management, analysis, and interpretation of data, writing of the report, and the decision to submit the report for publication. || Grant: 777084 || Grant: 101016127 || Grant: CRC 1193 || Grant: B01 || Grant: C01 || Grant: C04 || Grant: Z03 || Grant: 01KX2021","Competing interestsThe authors declare that they have no competing interests. RK has received advisory honoraria from JoyVentures, Herzlia, Israel.• fast, convenient online submission• thorough peer review by experienced researchers in your field• rapid publication on acceptance• support for research data, including large and complex data types• gold Open Access which fosters wider collaboration and increased citations maximum visibility for your research: over 100M website views per year",TRUE,TRUE
"10.1111/cdev.13959","National Science Foundation || Eunice Kennedy Shriver National Institute of Child Health and Human Development || Funding informationEunice Kennedy Shriver National Institute of Child Health and Human Development, Grant/Award Number: F31HD102153; National Science Foundation, Grant/ Award Number: BCS1424058 || Grant: F31HD102153 || Grant: BCS1424058 || F U N DI NG I N FOR M AT IONThis work was supported by a grant from the National Science Foundation (NSF; BCS1424058) to S.G. Any opinions, findings, and conclusions or recommendations expressed in this manuscript are those of the authors and do not necessarily reflect the views of the NSF. The",NA,TRUE,FALSE
"10.3390/bs13080629","This research received no external funding.","Conflicts of Interest:The authors declare no conflict of interest.",TRUE,TRUE
"10.1016/j.jesp.2023.104455","FundingThis research did not receive any specific grant from funding agencies in the public, commercial, or not-for-profit sectors.",NA,TRUE,FALSE
"10.1002/anzf.1551","F U N DI NG I N FOR M AT IONThe authors did not receive support from any organisation for submitted work.",NA,TRUE,FALSE
"10.1186/s40359-023-01173-8","Natural Sciences and Engineering Research Council of Canada || Canada Foundation for Innovation || FundingThis research was supported by a Discovery grant from the Natural Sciences and Engineering Research Council of Canada to Annie Roy-Charland and an infrastructure grant from Canada Foundation for Innovation to Annie Roy-Charland. The funding body did not play any roles in the design of the study and collection, analysis, interpretation of data, and in the writing of the manuscript.","Competing interestsThe authors declare that they have no competing interests.• fast, convenient online submission• thorough peer review by experienced researchers in your field• rapid publication on acceptance• support for research data, including large and complex data types• gold Open Access which fosters wider collaboration and increased citations maximum visibility for your research: over 100M website views per year",TRUE,TRUE
"10.1080/10400419.2023.2227477","Alzheimer's Association || Geoffrey Beene Gives Back Alzheimer's Initiative, GHR Foundation || Banner Alzheimer's Foundation || National Institutes of Aging || State of Arizona (Arizona Alzheimer's Consortium) || Arizona Alzheimer's Consortium || National Institute on Aging || Flinn Foundation || FundingThe work was supported by the Arizona Alzheimer's Consortium and a grant from the National Institutes of Aging [(R56AG068098)] awarded to JAH and MDG. || Grant: R56AG068098 || Grant: P30AG019610 || Grant: 1R01AG063954 || AcknowledgmentsWe are grateful for assistance from Sylvia Zarnescu, Rohith Boyilla, Kate Chambers, Surya Fitzgerald, Caitlin Cegavske, Freya Abraham, and Darrell Mason for their contribution to data collection, audio transcription, and/or coding of the data. We would like to thank Dr. Robert Wilson, Dr. Ying-Hui Chou, Dr. Matthias Mehl, and Dr. Mary-Frances O'Connor for helpful discussion related to this project. This project was supported by the National Institutes of Aging (R56AG068098 to J.A-H and M.G.) and pilot project grants (P30AG019610 to Dr. Eric Reiman, and the Arizona Alzheimer's Consortium to JAH). Participant recruitment was facilitated with the help of resources from Dr. Matthew Huentelman and the MindCrowd registry, as well as the Alzheimer's Prevention Registry (APR). The APR is supported by a grant from the National Institute on Aging (1R01AG063954), the Alzheimer's Association, Banner Alzheimer's Foundation, Flinn Foundation, Geoffrey Beene Gives Back Alzheimer's Initiative, GHR Foundation, and the State of Arizona (Arizona Alzheimer's Consortium). The content is solely the responsibility of the authors and does not necessarily represent the official views of the named funders.",NA,TRUE,FALSE
"10.1017/S1352465823000437",NA,"The project was part of clinical services improvement and development project and did not receive external funding.Competing interests. declare no competing interests.",FALSE,TRUE
"10.1017/S1352465822000625",NA,"Conflicts of interest. The authors declare none.Ethical standards. This study was approved by the research committee of GGZ inGeest (CWO-2020-013). Because the current study was file research, informed refusal applied. Patients were informed about the study by the clinician/ researcher and data from those who objected were not included. This study was conducted in accordance with the Declaration of Helsinki.",FALSE,TRUE
"10.1177/00302228231176307","FundingThe author(s) received no financial support for the research, authorship, and/or publication of this","Declaration of Conflicting InterestsThe author(s) declared no potential conflicts of interest with respect to the research, authorship, and/or publication of this article.",TRUE,TRUE
"10.1111/cch.13106","University of Missouri Women's & Children's Hospital || Switched! || Pascale's Pals || The non-profit organization Pascale's Pals and their supported project, Switched!, funded the toy giveaway. || ACKNOWLEDGEMENTSThe authors wish to acknowledge the contributions of Project Switched, Pascale's Pals, community volunteers and the parents who participated in the study. Project Switched conceived of and ran all aspects of the toy giveaway event. The founders of Project Switched (RH and DC) proposed the study reported in this manuscript. Project Switched is a program of Pascale's Pals, a 501(c) (3) organization dedicated to supporting the children and families served by University of Missouri Women's & Children's Hospital. This project would not have been possible without the generosity of the community volunteers who donated switch-adapted toys and the parents who gave their time to participate.","CONFLICT OF INTERESTThe authors declare no conflicts of interest.",TRUE,TRUE
"10.1002/capr.12700",NA,"CO N FLI C T O F I NTE R E S T S TATE M E NTNo conflict of interest is declared by the authors.",FALSE,TRUE
"10.1080/13506285.2023.2192993","National Science Foundation || FundingThis research was supported by a grant from the National Science Foundation (BCS-1850738). || Grant: BCS-1850738","Disclosure statementNo potential conflict of interest was reported by the author(s).",TRUE,TRUE
"10.1192/bjo.2023.550","Knowledge for Democracy Myanmar (K4DM) Initiative || SecDev Foundation || International Development Research Centre
					IDRC || FundingThis work was carried out with the aid of a grant from SecDev Foundation and the International Development Research Centre (IDRC), Ottawa, Canada, through the Knowledge for Democracy Myanmar (K4DM) Initiative. The views expressed herein do not necessarily represent those of the SecDev Foundation, IDRC or its Board of Governors.","Declaration of interestNone.",TRUE,TRUE
"10.1037/apl0001112",NA,NA,FALSE,FALSE
"10.1080/07481187.2023.2246018","Center for Research and Intervention on Suicide, Ethical Issues and Endof-life Practices at the Universit e du Qu ebec a Montr eal || Fonds de Recherche du Qu ebec -Soci et e et Culture
					SC || FundingThis work was supported by the Fonds de Recherche du Qu ebec -Soci et e et Culture (FRQ-SC) and the Center for Research and Intervention on Suicide, Ethical Issues and Endof-life Practices at the Universit e du Qu ebec a Montr eal.","Disclosure statementThe authors report there are no competing interests to declare.",TRUE,TRUE
"10.1177/00315125231182276","FundingThe author(s) received no financial support for the research, authorship, and/or publication of this article.","Declaration of Conflicting InterestsThe author(s) declared no potential conflicts of interest with respect to the research, authorship, and/or publication of this article.",TRUE,TRUE
"10.1007/s10865-023-00455-1","NIHR Leicester Biomedical Research Centre || National Institute for Health Research
					NIHR || Funding This study is supported by NIHR Leicester Biomedical Research Centre (NIHR300026). || Grant: NIHR300026","DeclarationsConflict of interest The authors declare that they have no conflict of interest.Human and animal rights All procedures performed in studies involving human participants were in accordance with the ethical standards of Loughborough University research committee and with the 1964 Publisher's Note Springer Nature remains neutral with regard to jurisdictional claims in published maps and institutional affiliations.",TRUE,TRUE
"10.1080/10409289.2023.2214163",NA,"Disclosure statementNo potential conflict of interest was reported by the author(s).",FALSE,TRUE
"10.1016/j.cogpsych.2023.101591","German Research Council (DFG) || Grant: 497332489 || AcknowledgementThis research was supported by a research grant (497332489) to Niels Skovgaard-Olsen from the German Research Council (DFG). We would furthermore like to thank John MacFarlane for the generous invitation to Berkeley that inspired this work as well as Max Kölbel and the participants in the following workshops for discussion: Dan Zeman's workshop on retraction, Shira Elqayam and Igor Douven's workshop on normative pluralism, and Stephan Kaufmann's University of Conneticut Logic Group. Finally, we want to thank Daniel Ewert-Schönstein for help in creating stimulus materials.","Declaration of Competing InterestThe authors declare that they have no known competing financial interests or personal relationships that could have appeared to influence the work reported in this paper.",TRUE,TRUE
"10.1002/capr.12721","North Wales Society of the Blind (NWSB) and Health and Care Economics Cymru
					HCEC || Welsh government through Health and Care Research Wales || Bangor University Medical and Health Sciences Academic Ethics Committee || FU N D I N G I N FO R M ATI O NThis study was funded by the North Wales Society of the Blind (NWSB) and Health and Care Economics Cymru (HCEC). The HCEC is funded by the Welsh government through Health and Care Research Wales. || Grant: 2020-16817 || ACK N O WLE D G E M ENTSWe would like to acknowledge the people who have supported this project. In particular, we would like to thank the blind and partially sighted North Wales Society of the Blind (NWSB) members who kindly participated in this survey. We would like to thank Bethan-Sage Williams and the members of NWSB staff who conducted the telephone interviews. We would also like to thank the members of the core NWSB team for their invaluable support and advice in this project: Steven Thomas, Caroline Draper and Carrie Pester. We also acknowledge Kalpa Pisavadia and Jacob Davies for kindly proofreading the manuscript.","CO N FLI C T O F I NTER E S T S TATEM ENTThe authors have no conflicts of interest to declare.",TRUE,TRUE
"10.1111/bjhp.12677","Research Foundation || Medibank Better Health Foundation || Australian and New Zealand College of Anaesthetists
					ANZCA || was funded in part by a research grant from the Research Foundation at the Australian and New Zealand College of Anaesthetists (ANZCA), with original funding from the Medibank Better Health Foundation. Open access publishing facilitated by The University of Melbourne, as part of the Wiley -The University of Melbourne agreement via the Council of Australian University Librarians. || DATA AVA I L A BI L I T Y S TAT E M E N TThe data that support the qualitative study referenced in this methods article are not available on request or publicly due to privacy and ethical restrictions.://orcid.org/0000-0002-1845-126X Cassie McDonald https://orcid.org/","CON F L IC T OF I N T ER E S T S TAT E M E N TThe authors have no conflict of interest to declare.",TRUE,TRUE
"10.1177/1086296x231163117","International Literacy || FundingThe author(s) disclosed receipt of the following financial support for the research, authorship, and/ or publication of this article: This work was supported by the International Literacy","Declaration of Conflicting InterestsThe author(s) declared no potential conflicts of interest with respect to the research, authorship, and/or publication of this article.",TRUE,TRUE
"10.1177/10790632231205784","National Society for the Prevention of Cruelty to Children, UK || FundingThe author(s) disclosed receipt of the following financial support for the research, authorship, and/or publication of this article: The research reported in this paper was supported by funding from the National Society for the Prevention of Cruelty to Children, UK.","Declaration of Conflicting InterestsThe author(s) declared no potential conflicts of interest with respect to the research, authorship, and/or publication of this article.",TRUE,TRUE
"10.1177/21677026231164958","unknown || European Mind and Life Varela Award || Israeli Science Foundation || Mind and Life Institute PEACE || Charney Foundation || Max-Planck-Gesellschaft || FundingThis work was supported by a grant from Max-Planck-Gesellschaft (to A. Aizik-Reebs), the European Mind and Life Varela Award (to A. Aizik-Reebs), a Mind and Life Institute PEACE grant (to A. Bernstein), a grant from the Charney Foundation (to A. Bernstein), and Israeli Science Foundation Grant ISF 2046/16 (to A. Bernstein). || Grant: NCT04380259 || Grant: ISF 2046/16 || AcknowledgmentsWe thank the courageous asylum seekers who generously participated in the intervention and study; Sendel Abraham, Dawit Weldehawariat Habtai, Yikealo Beyene, and Mogus Kidane for their assistance in translation, recruitment, and study organization; the team at Kuchinate for hosting us to carry out this study, including Diddy Mymin-Kahn, Azezet Habtezghi Kidane, Ruth Garon, and the inspiring women of Kuchinate-Hewan Desta, Eden Gebre, Asmeret Haray, Fiori Yonas, and Achbaret Abraha; Orit Reem and Ron Alon for instructing the groups; Ron Peleg for his help in participant recruitment and data collection; Michal Schendar for conducting qualitative interviews with participants; Meital Gil Davis for behind-the-scenes coordination of study logistics, research funding, and personnel; and Ido Lurie and Ori Ganor for psychiatric consultation. The study was registered on ClinicalTrials.gov (NCT04380259).","Declaration of Conflicting InterestsThe author(s) declared that there were no conflicts of interest with respect to the authorship or the publication of this article.",TRUE,TRUE
"10.1080/09658211.2023.2284401","National Institute on Aging || National Science Foundation || Program for Research in Science and Engineering || Harvard College Research Program || FundingThis work was supported by the National Institute on Aging (R01 AG00841) and National Science Foundation (1808571). || Grant: 1808571 || Grant: ROI AG00841 || Grant: R01 AG00841 || AcknowledgementsWe gratefully acknowledge funding from a National Science Foundation Fellowship 1808571 (to NMB) and National Institute on Aging ROI AG00841 (to NMB and DLS), as well as the Harvard College Research Program (to CHH) and Program for Research in Science and Engineering (to CHH).","Disclosure statementNo potential conflict of interest was reported by the author(s).",TRUE,TRUE
"10.1525/mp.2023.41.2.77","Author NoteSebastian Silas has been supported by a doctoral scholarship from the Studienstiftung des deutschen Volkes. This project has been partly supported by funding from the Deutsche Forschungsgemeinschaft (DFG, MU 2722/1 -1) awarded to Daniel Mu ¨llensiefen. No potential competing interest was reported by the authors. The authors would like to thank Ani Patel, Niels Verosky, and David Temperley for their invaluable feedback on this manuscript.The authors made the following contributions. Sebastian Silas: Writing -Original Draft Preparation, Writing -Review & Editing, Visualization, Formal Analysis, Conceptualization; Daniel Mu ¨llensiefen: Conceptualization, Data Collection, Data Pre-Processing, Writing -Original Draft Preparation, Writing -Review & Editing, Formal Analysis.Correspondence concerning this article should be addressed to Daniel Mu ¨llensiefen, Department of Psychology, Goldsmiths, University of London, 8 Lewisham Way, London SE14 6NW, United Kingdom. E-mail: d.mullensiefen@gold.ac.uk Appendix","No potential competing interest was reported by the authors.",TRUE,TRUE
"10.1162/opmi_a_00088","Bates College Program in Neuroscience || FUNDING INFORMATIONThis project was supported by the Bates College Program in Neuroscience.",NA,TRUE,FALSE
"10.1002/jclp.23569",NA,NA,FALSE,FALSE
"10.1007/s12671-023-02079-7","Evangelisches Studienwerk e || University of Wuppertal || Projekt DEAL || Funding Open Access funding enabled and organized by Projekt DEAL. This work was in part supported by a doctoral studies grant of the Evangelisches Studienwerk e.V and a doctoral studies grant of the University of Wuppertal to LL. Funders were not involved in the study design, data collection, analysis, and interpretation; decision to publish; or writing of the manuscript.","Conflict of InterestThe authors declare no competing interests.Open Access This article is licensed under a Creative Commons Attribution 4.0 International License, which permits use, sharing, adaptation, distribution and reproduction in any medium or format, as long as you give appropriate credit to the original author(s) and the source, provide a link to the Creative Commons licence, and indicate if changes were made.",TRUE,TRUE
"10.1192/bjo.2023.296",NA,NA,FALSE,FALSE
"10.3390/bs13020166","Scientific Foundations of Education Research Program of the Hungarian Academy of Sciences || Institutional Review Board of Doctoral School of Education, University of Szeged || ICT and Societal Challenges Competence Centre of the Humanities and Social Sciences Cluster of the Centre of Excellence for Interdisciplinary Re-search, Development and Innovation of the University of Szeged || Funding: This study was funded by the Scientific Foundations of Education Research Program of the Hungarian Academy of Sciences and by the ICT and Societal Challenges Competence Centre of the Humanities and Social Sciences Cluster of the Centre of Excellence for Interdisciplinary Re-search, Development and Innovation of the University of Szeged. The authors are members of the New Tools and Techniques for Assessing Students Research Group. Institutional Review Board Statement: The study was conducted in accordance with the Declaration of Helsinki and approved by the Institutional Review Board of Doctoral School of Education, University of Szeged (Reference number: 19/2018, approval date 16 December 2018).","Conflicts of Interest:The authors declare no conflict of interest.",TRUE,TRUE
"10.1177/00220426231151372","European Treatment Centers For Drug Addiction
					TC || European Commission and Rebirth Charity Society || Society for Recovery Support || Therapiesalon im Wald || World Federation Against Drugs
					WFAD || FundingThe author(s) received no financial support for the research, authorship, and/or publication of this article. || AcknowledgmentsThe research was conducted on the experiences of the service providers of the project of social support for homeless drug users in Iran co-funded by the European Commission and Rebirth Charity Society. The partners included World Federation Against Drugs (WFAD), European Treatment Centers For Drug Addiction (euro-TC), Therapiesalon im Wald, and Society for Recovery Support. We would also like to express our special thanks to the research participants who shared their experiences.","Declaration of Conflicting InterestsThe author(s) declared no potential conflicts of interest with respect to the research, authorship, and/or publication of this article.",TRUE,TRUE
"10.1002/bdm.2341","Kent State University Research Council || Honors College || U.S. Department of Education Institute of Education Sciences || Grant: R305U200004 || ACKNOWLEDGMENTSWe would like to acknowledge financial support received from the Kent State University Research Council and resources and support from the Honors College. We would also like to thank Rachel Iacano for assistance with qualitative data coding and Dr. Maureen Blankemeyer and Dr. Angela Neal-Barnett for serving on the thesis defense committee. This research was supported in part by the U.S. Department of Education Institute of Education Sciences Grant R305U200004 to C. A. Thompson at Kent State University.",NA,TRUE,FALSE
"10.1080/02667363.2023.2176827","Oak Foundation || FundingThe work was supported by the Oak Foundation","Disclosure statementNo potential conflict of interest was reported by the author.",TRUE,TRUE
"10.3390/bs13080651","National Health and Medical Research Council
					NHMRC || Funding: This research was funded by National Health and Medical Research Council (NHMRC) Australia, Grant/Award Number: 634922. || Grant: 634922",NA,TRUE,FALSE
"10.1192/bjo.2023.12","National Institute for Health Research
					NIHR || UK Government || UK || FundingThis research was funded by the National Institute for Health Research (NIHR) (grant number GHRG 17/63/130; awarded to N.S.), using UK aid from the UK Government to support global health research. The views expressed in this publication are those of the author(s) and not necessarily those of the NIHR or the UK Department of Health and Social Care. || Grant: GHRG 17/63/130 || AcknowledgementsThe authors would like to acknowledge Abu Musa Robin, Anjuman Jum Tithi, Tanvir Arafat, Lipon Saha, Tasmia Rahman, Dr Md. Helaluddin, Dr Khaleda Islam, Dr Mamun and Dr Bappi from the team in Bangladesh; Archith Krishna, Sathish Kumar, Neeta P.S., Venkatalakshmi C., Bhuvneshwari L., Manjunatha S., Sobin George and Krishna Jayanthi from the team in India; and Rubab Ayesha, Nida Afsheen, Najma Hayat, Zaheen Amin and Aniqa Maryam from the team in Pakistan, for conducting all the interviews and physical measurements, and providing technical and managerial support. The authors also would like to thank all the participants who consented and provided their time to complete the interview.","Declaration of interestThe authors declare that they have no competing interests. D.S. is an expert advisor to the UK National Institute for Health and Care Excellence (NICE) centre for guidelines; the views expressed are the authors' and not those of the NICE.",TRUE,TRUE
"10.1080/10447318.2023.2169530","Ministry of Education || Technology Development Program of MSS || National Research Foundation of Korea
					NRF || FundingThis research was supported by Basic Science Research Program through the National Research Foundation of Korea (NRF) funded by the Ministry of Education (NRF-2016R1D1A1B02015987). And this work was partly supported by the Technology Development Program of MSS (S2738884). || Grant: NRF-2016R1D1A1B02015987 || Grant: S2738884","Disclosure statementDo Eun Park and Yee Jin Shin have patent #10-2367862 licensed to Commissioner, Korean Intellectual Property Office. Jinwoo Kim is the CEO of HAII Co., Ltd.",TRUE,TRUE
"10.1002/acp.4095","Danish National Research Foundation || Velux Foundation || Velux Fonden || Danmarks Grundforskningsfond || Danmarks Grundforskningsfond, Grant/Award Number: DNRF89; Velux Fonden, Grant/Award Number: VELUX10386 || Grant: VELUX 10386 || Grant: DNRF 89 || Grant: DNRF89 || Grant: VELUX10386 || ACKNOWLEDGMENTSThis research was supported by the Velux Foundation (VELUX 10386)    and the Danish National Research Foundation (DNRF 89). We would like to thank Cecilie Kousholt and Daniel Munkholm Møller for assisting with the diaries and Marie Nymand for coding the data. Also, we would like to thank the children who participated, and their parents for letting them participate.","CONFLICT OF INTEREST STATEMENTThe authors have no financial or personal relationships with other people or organizations that could inappropriately influence/bias our work. The authors declare no conflict of interest.",TRUE,TRUE
"10.1037/xge0001388","unknown || Fellowship at UC Berkeley, the Beatrice Foods Co. Faculty Research Fund at the University of Chicago, and the Wharton Behavioral Lab and the Baker Center Research Grant at the University of Pennsylvania. We thank Soaham Bharti, David Eskenazi, Beidi Hu, and Jordyn Schor for excellent research assistance. This work has previously been presented at the following conferences: ACR, SCP,",NA,TRUE,FALSE
"10.1038/s41562-023-01731-5","Center for Advanced Hindsight at Duke University || AcknowledgementsThis research was funded by the Center for Advanced Hindsight at Duke University. The principal investigator of the Center for Advanced Hindsight (D.A.) is an author on this paper. D.A. assisted in the conceptualization, design and preparation of the manuscript but does not have the unilateral ability to decide whether or not this work is published. No other funding sources were used for this research. Additionally, we acknowledge the immense contributions of their human resource experts, H. Kurt and F. Färähdel, and their website developers.","Competing interestsThe authors declare no competing interests.",TRUE,TRUE
"10.1080/00140139.2023.2206071","FundingThe author(s) reported there is no funding associated with the work featured in this article.","Disclosure statementThe authors do not have any conflicts of interest in the disclosure of this work.",TRUE,TRUE
"10.1080/10447318.2023.2276520","National Research Foundation of Korea
					NRF || Korea government (MSIT) || Grant: NRF-2021R1A2C4002641 || AcknowledgementThis work was supported by the National Research Foundation of Korea (NRF) grant funded by the Korea government (MSIT) (No. NRF-2021R1A2C4002641).","Disclosure statementNo potential conflict of interest was reported by the author(s).",TRUE,TRUE
"10.1177/00302228231209654","IINFACTS -Institute of Research and Advanced Training in Health Sciences and Technologies || FundingThe author(s) disclosed receipt of the following financial support for the research, authorship, and/or publication of this article: This work was supported by the ?IINFACTS -Institute of Research and Advanced Training in Health Sciences and Technologies (CAREGIV-LOSS-CESPU-2016). || Grant: CAREGIV-LOSS-CESPU-2016 || Author's NoteData collection and preliminary analysis were sponsored by the IINFACTS -CESPU. Portions of these findings were presented as a oral communication at the 2018, 4 a Congresso Nacional da Ordem dos Psicólogos Portugueses, Braga, Portugal. A preprint of the manuscript was made (osf.io/ 2bnsx).","Declaration of Conflicting InterestsThe author(s) declared no potential conflicts of interest with respect to the research, authorship, and/or publication of this article.",TRUE,TRUE
"10.1080/20445911.2023.2166053",NA,"Disclosure statementNo potential conflict of interest was reported by the author(s).",FALSE,TRUE
"10.1186/s40359-023-01244-w","Austin Medical Research Foundation || Australian National Health and Medical Research Council || FundingThis trial has been funded by the Australian National Health and Medical Research Council (Application number APP1143448) in 2017 and the Austin Medical Research Foundation in 2021. || Grant: APP1143448","Competing interestsThe authors declare that they have no competing interests.",TRUE,TRUE
"10.1080/10409289.2023.2297655","Fundamental Research Funds for the Central Universities || Decision Making Laboratory for Western China Education and Human Development || unknown || National Social Science Foundation of China || of Southwest University || Natural Science Foundation of Shaanxi Province || Social Science Foundation || National Social Science and Humanity Foundation || Chongqing Social Science and Humanity Foundation || National Natural Science Foundation of China || FundingThis paper was sponsored by Decision Making Laboratory for Western China Education and Human Development, Innovation Research 2035 Pilot Plan of Southwest University [SWUPilotPlan004]; National Social Science and Humanity Foundation [ZDA338]; Chongqing Social Science and Humanity Foundation [2022YC028]; 111 program [B21036, B16031]; Chongqing doctoral innovation research project [CYB23092]; the Fundamental Research Funds for the Central Universities [2022ZYYB23]; Natural Science Foundation of Shaanxi Province [2023-JC-QN-0784]; National Social Science Foundation of China [22BGL212]; National Natural Science Foundation of China [71933003]; Xi'an Social Science Foundation Project [23FZ03]. || Grant: ZDA338 || Grant: 2022YC028 || Grant: B21036 || Grant: B16031 || Grant: CYB23092 || Grant: 2023-JC-QN-0784 || Grant: 22BGL212 || Grant: 71933003 || Grant: 23FZ03","Disclosure StatementNo potential conflict of interest was reported by the author(s).",TRUE,TRUE
"10.1177/00131644231168398","FundingThe author(s) received no financial support for the research, authorship, and/or publication of this article.","Declaration of Conflicting InterestsThe author(s) declared no potential conflicts of interest with respect to the research, authorship, and/or publication of this article.",TRUE,TRUE
"10.1080/20008066.2023.2282904","unknown || Help for Heroes || Help for Heroes. Help for Heroes || FundingThis paper presents independent research commissioned and funded by Help for Heroes. Help for Heroes is a charity registered in England and Wales (1120920) and Scotland (SC044984). The views expressed are those of the author(s) and not necessarily those of Help for Heroes. || Grant: 1120920 || Grant: SC044984 || AcknowledgementsWe are grateful to Help for Heroes for commissioning and funding the research and also for their excellent support and continued engagement throughout the project.Special thanks also to Dr Jennifer Manuel who was involved in the development of the intervention and training of practitioners in the UKV-CRAFT process as well as to Dr Eric Kuhn and Dr Chris Erbes who provided their VA-CRAFT web-based intervention materials and feedback at critical stages of development.","Disclosure statementNo potential conflict of interest was reported by the author(s). || Competing interestsBC, MA, SS, HH and LR have no competing interests. NG is a trustee with the Society and Faculty of Occupational Medicine and also runs March on Stress, a psychological health consultancy.",TRUE,TRUE
"10.1080/13691058.2023.2201356","Pacific Peoples' Summer Research Scholarship (University of Otago) || unknown || Ministry for Pacific Peoples || FundingThis research was conducted under the tenure of a Pacific Peoples' Summer Research Scholarship (University of Otago) and a grant from the Ministry for Pacific Peoples 10.13039/501100006208. || Grant: 10 || Grant: 13039/501100006208","Disclosure statementNo potential conflicts of interest are reported by the authors.",TRUE,TRUE
"10.1111/jar.13073","IReL || Health Research Board || Health Research Board, Grant/Award Number: IDS-TILDA; the Health Research Board || ACKNOWLEDGEMENTSThe authors would like to thank the participants for their immense support and cooperation. The contribution of L. Lynch, M. McLaughlin, R. Normanly in data collection and data curation in the original study is acknowledged. Open access funding provided by IReL. || FUNDING INFORMATIONThis research was funded by the Health Research Board, Ireland.","CONFLICT OF INTEREST STATEMENTThe authors confirm they have no conflicts of interest in relation to this research.",TRUE,TRUE
"10.1080/02699931.2023.2206999","National Social Science Fund of China || FundingThis research was funded by National Social Science Fund of China (Project No. 22BGL300). || Grant: 22BGL300","Disclosure statementNo potential conflict of interest was reported by the author(s).",TRUE,TRUE
"10.3390/psych5040080","Institutional Review Board of An Najah National University || Funding: This research received no external funding.","Conflicts of Interest:The authors declare no conflict of interest.",TRUE,TRUE
"10.1037/xge0001381","National Science Foundation || study materials, and Alyssa Yarbrough for her assistance with the data collection. This research was supported by National Science Foundation Grant BCS-2040684. Any opinions, findings, and conclusions or recommendations expressed in this material are those of the authors and do not necessarily reflect the views of the National Science Foundation. The authors declare no conflict of interest.The data, served as lead for conceptualization, data curation, formal analysis, funding acquisition, supervision, and writing-original draft. Nyx L. Ng served as lead for investigation and served in a supporting role for data curation, formal analysis, and supervision. || Grant: BCS-2040684","The authors declare no conflict of interest.The data, served as lead for conceptualization, data curation, formal analysis, funding acquisition, supervision, and writing-original draft.",TRUE,TRUE
"10.1177/20438087231151502","FundingThe author(s) disclosed receipt of the following financial support for the research, authorship, and/or publication of this article: This work was supported by the Deutsche Forschungsgemeinschaft (DFG; German Research Foundation) [grant number 450096725] awarded to AH.","Declaration of Conflicting InterestsThe author(s) declared no potential conflicts of interest with respect to the research, authorship, and/or publication of this article.",TRUE,TRUE
"10.1017/s1355617723010925",NA,NA,FALSE,FALSE
"10.1111/bjop.12681","Engineering and Physical Sciences Research Council
					EPSRC || Economic and Social Research Council
					ESRC || Scottish Graduate School of Social Science
					SGSSS || Max Planck Society || Funding informationThe Max Planck Society; the Scottish Graduate School of Social Science (SGSSS); the Economic and Social Research Council (ESRC); Engineering and Physical Sciences Research Council (EPSRC), Grant/Award Number: EP/T019751/ || Grant: EP/T019751/ || AC K NO W L E DGE M E N T SEva-Madeleine Schmidt and Julia F. Christensen were supported by the Max Planck Society. Rebecca A. Smith was supported by the Scottish Graduate School of Social Science (SGSSS) and the Economic and Social Research Council (ESRC) and Andrés Fernández by EP/T019751/1 from the Engineering and Physical Sciences Research Council (EPSRC), Birte Emmermann by the Chair of Ergonomics at Technical University Munich. We thank Sina H.N. Yazdi, Fahima Farahi, Nasimeh Bahmanian, Raha Golestani and Stefan Redeker for their help with producing and editing the videos used as stimuli in this study. We are also grateful to Dr Georgios Michalareas and Professor Gemma Roig for valuable input during stage 1 of the project during the stimuli generation, and especially, to Prof. Dr. Melanie Wald-Fuhrmann for lending us the MoCap suit. Open Access funding enabled and organized by Projekt DEAL.","CON F L IC T OF I N T ER E S T S TAT E M E N TThe authors declare no conflicts of interest.",TRUE,TRUE
"10.1002/eat.23931","Eunice Kennedy Shriver National Institute of Child Health and Human Development || National Institute of Mental Health || Eunice Kennedy Shriver National Institute of Child Health and Human Development, Grant/Award Number: R01HD082166; National Institute of Mental Health, Grant/Award Number: K23MH120347 || Grant: R01HD082166 || Grant: K23MH120347",NA,TRUE,FALSE
"10.1080/10409289.2023.2193856","National Natural Science Foundation of China || FundingThis study was supported by National Natural Science Foundation of China [62277037]. The funding agents had no role in the study design, the collection, analysis, and interpretation of the data, or in the writing of the manuscript. || Grant: 62277037","Disclosure StatementNo potential conflict of interest was reported by the author(s).",TRUE,TRUE
"10.1177/09567976231194537","Stephen M. Ross School of Business || FundingThis research was supported by the Stephen M. Ross School of Business.","Declaration of Conflicting InterestsThe author(s) declared that there were no conflicts of interest with respect to the authorship or the publication of this article.",TRUE,TRUE
"10.1017/s1041610223001515",NA,NA,FALSE,FALSE
"10.1111/fare.12897",NA,NA,FALSE,FALSE
"10.3390/jintelligence11030044","Funding: This research received no external funding.","Conflicts of Interest:The authors declare no conflict of interest.",TRUE,TRUE
"10.1037/xge0001449","Multidisciplinary University Research Initiative
					MURI || Office of Naval Research || National Institute of Mental Health || This work was supported by a Multidisciplinary University Research Initiative (MURI) award from the Office of Naval Research (N00014-16-1-2832) and the National Institute of Mental Health (R01 MH125497). Data are available on request from the authors. Analysis codes can be found at https://github.com/zceydas/HierCost. This article has been previously published in a preprint form on psyarxiv.com. This work has not been preregistered.Ceyda Sayalı served as lead for conceptualization, formal analysis, methodology, writing-original draft, and writing-review and editing. Jordan , project administration, and visualization, contributed equally to formal analysis, and served in a supporting role for writing-original draft and writing-review and editing. David Badre served as lead for funding acquisition, resources, and supervision and contributed equally to conceptualization, methodology, writing-original draft, and writing-review and editing. || Grant: N00014-16-1-2832 || Grant: R01 MH125497",NA,TRUE,FALSE
"10.1037/emo0001282","European || unknown || This research was supported by the European Project H2020-EnTimeMent (FETPROACT-824160). The authors have no conflicts of interest to declare. Deidentified data and analysis code can be accessed at https://osf.io/5qa4j/  (Smykovskyi, 2023).Andrii Smykovskyi served as lead for conceptualization, data curation, formal analysis, investigation, visualization, and writing-original draft. Stefan Janaqi served in a supporting role for conceptualization, data curation, and writingreview and editing. Simon Pla served in a supporting role for software. Pierre Jean served in a supporting role for software. Marta M. N. Bien ́kiewicz served in a supporting role for conceptualization, project administration, and writingreview and editing. Benoît G. Bardy served as lead for funding acquisition, contributed equally to conceptualization and supervision, and served in a supporting role for writing-review and editing. || Grant: H2020 || Grant: FETPROACT-824160","The authors have no conflicts of interest to declare.",TRUE,TRUE
"10.1111/pops.12935","AC K NO W L E DG M E N T SThis work was supported by the German Research Foundation, Grant number: 254142454/ GRK 2070 and a stipend by the Foundation of German Business (Stiftung der Deutschen Wirtschaft). Open Access funding enabled and organized by Projekt DEAL.",NA,TRUE,FALSE
"10.1089/aut.2022.0117","unknown || Funding InformationThis research was supported by a Sylvia Walton Honours Grant awarded to H.E.A.","Author Disclosure StatementThe authors declare no actual or potential conflict of interest.",TRUE,TRUE
"10.1080/23273798.2023.2232903","National Institute on Deafness and Other Communication Disorders
					NIDCD || FundingThis work was supported by National Institute on Deafness and Other Communication Disorders (NIDCD) grant R01 DC016622. || Grant: R01 DC016622","Disclosure statementNo potential conflict of interest was reported by the author(s).",TRUE,TRUE
"10.1080/21515581.2023.2190900","Note FundingThe authors are grateful for the financial support given by the Coordenação de Aperfeiçoamento de Pessoal de Nível Superior -CAPES, Finance Code 001 (Project PGCI 035/2013) and by Conselho Nacional de Desenvolvimento Científico e Tecnológico -CNPq (Projects 302336/2016-8, 403812/ 2021-6, 308051/2022-0), as well for the institutional support by the Federal University of Maranhão (UFMA), University of Brasília (UnB) and Universitat Jaume I (UJI). This work was also supported by MCIN / AEI /10.13039/501100011033 / FEDER, UE under Grant PID2021-126516NB-I00.","Disclosure statementNo potential conflict of interest was reported by the author(s).",TRUE,TRUE
"10.1002/jcop.23082","Projekt DEAL || ACKNOWLEDGEMENTSOpen Access funding enabled and organized by Projekt DEAL.",NA,TRUE,FALSE
"10.1037/xap0000495","American Psychological Association || Dynamics of Youth (Utrecht University) Invigoration || This work was funded by a Dynamics of Youth (Utrecht University) Invigoration Grant to Tamara van Gog. The authors would like to thank Marja Erisman, Eva Korse, and Dennis Aussems for their assistance with the development of the study materials and the data collection; Maria van Hijfte, Sjaak Janssen, and Thomien Miedema for pilot testing the materials; and Stefan Kolenbrander and Pé Lamerigts for facilitating data collection. funding acquisition, supervision, and writing-review and editing and a supporting role in methodology and resources.",NA,TRUE,FALSE
"10.1080/03069885.2023.2200235","Association for Assessment and Research in Counseling || FundingThis study was funded through the Association for Assessment and Research in Counseling.","Disclosure statementNo potential conflict of interest was reported by the author(s).",TRUE,TRUE
"10.1080/00223891.2023.2276268",NA,"Disclosure statementNo potential conflict of interest was reported by the author(s).",FALSE,TRUE
"10.1177/03010066231208127","FundingThe authors received no financial support for the research, authorship, and/or publication of this article. || AcknowledgementsWe would like to kindly thank the collaboration of Constança Carvalho Homem and Daniel Pinheiro, the actors in the audiovisual stimuli; Hugo Mesquita and José Ricardo Barboza, the video and audio operators. Additionally, a special acknowledgement to Jorge Coelho, for kindly letting us use the CARA facilities and to Rui Penha, for all the support.","Declaration of Conflicting InterestsThe authors declared no potential conflicts of interest with respect to the research, authorship, and/or publication of this article.",TRUE,TRUE
"10.17505/jpor.2023.25265",NA,"Declaration of InterestsThe authors declare that they have no conflict of interests.",FALSE,TRUE
"10.1017/s1041610223002107",NA,NA,FALSE,FALSE
"10.1080/08995605.2023.2243364","Defense Research and Development Canada || Social Sciences and Humanities Research Council of Canada || FundingThis research was supported by awards from the Social Sciences and Humanities Research Council of Canada to Justin R. Feeney [Grant #: 430-2019-00080], Defense Research and Development Canada to Justin R. Feeney [Grant #: 877-2019-0004] and Richard D. Goffin [Grant #: 435-2020-0800]. || Grant: 430-2019-00080 || Grant: 877-2019-0004 || Grant: 435-2020-0800","Disclosure statementNo potential conflict of interest was reported by the author(s).",TRUE,TRUE
"10.1111/desc.13402","European Research Council || European Research Council, Grant/Award Number: 772193 COLOURMIND || Grant: 772193 COLOURMIND || ACKNOWLEDGEMENTSWe thank the infant participants and their parents, Kenneth Knoblauch, Daniel Osorio, and Donald MacLeod for helpful discussions. This research was funded by European Research Council grant 772193 COLOURMIND awarded to Anna Franklin.","CONFLICT OF INTEREST STATEMENTAuthors declare that they have no competing interests.",TRUE,TRUE
"10.1177/10983007231168400","FundingThe author(s) received no financial support for the research, authorship, and/or publication of this article.","Declaration of Conflicting InterestsThe author(s) declared no potential conflicts of interest with respect to the research, authorship, and/or publication of this article.",TRUE,TRUE
"10.1080/20008066.2023.2260293","German Federal Ministry of Education and Research || FundingThe study was funded by the German Federal Ministry of Education and Research [01KR1303B]. || Grant: 01KR1303B || AcknowledgementThis study was funded by the German Federal Ministry of Education and Research (01KR1303B).","Disclosure statementClara Dittmann, Kathlen Priebe, Meike Müller-Engelmann, and Regina Steil receive honoraries for workshops and talks on DBT-PTSD and CPT. No potential conflict of interest was reported by the remaining authors.",TRUE,TRUE
"10.1080/10447318.2023.2271240","National Natural Science Foundation Collaboration || Central Guidance for Local Science and Technology Development Funds || FundingThis work was supported by the Central Guidance for Local Science and Technology Development Funds [YDZJSX2022C004] and National Natural Science Foundation Collaboration [U21A20469]. In addition, we thank all the volunteers for their participation in our experiment. || Grant: YDZJSX2022C004 || Grant: U21A20469","Disclosure statementThe authors declare that they have no known competing financial interests or personal relationships that could have appeared to influence the work reported in this paper.",TRUE,TRUE
"10.1111/bjso.12715","F U N DI NG I N FOR M AT IONThis research has been funded by the Science Academy Young Scientists Award Program (BAGEP) 2021 as awarded to the second author.","CON F L IC T OF I N T ER E S T S TAT E M E N TThe authors declare that there is no conflict of interest involved in this research.",TRUE,TRUE
"10.1016/j.cognition.2023.105606","European Research Council
					ERC || unknown || European Union || This research has received funding from the European Research Council (ERC) under the European Union's Horizon 2020 research and innovation programme (grant agreement Running head: SENSORIMOTOR AND LINGUISTIC PICTURE CATEGORISATION 24-11-2022: PREPRINT VERSION -THIS PAPER HAS NOT BEEN PEER REVIEWED.No 682848) to LC. This article is based on the doctoral dissertation of the first author (van Hoef, 2022). || Grant: CATEGORISATION 24-11-2022 || Grant: -THIS PAPER || Grant: 682848",NA,TRUE,FALSE
"10.1177/00302228231212649","FundingThe author(s) received no financial support for the research, authorship, and/or publication of this article.","Declaration of Conflicting InterestsThe author(s) declared no potential conflicts of interest with respect to the research, authorship, and/or publication of this article.",TRUE,TRUE
"10.1002/joec.12203",NA,NA,FALSE,FALSE
"10.1080/10447318.2023.2181125",NA,"Disclosure statementNo potential conflict of interest was reported by the author(s).",FALSE,TRUE
"10.1177/14747049231203394","FundingThe authors received no financial support for the research, authorship, and/or publication of this article.","Declaration of Conflicting InterestsThe authors declared no potential conflicts of interest with respect to the research, authorship, and/or publication of this article.",TRUE,TRUE
"10.1111/cdev.13957","F U N DI NG I N FOR M AT IONThere was no external funding for this research.",NA,TRUE,FALSE
"10.1177/17470218231191442","Leverhulme Trust || unknown || FundingThe author(s) disclosed receipt of the following financial support for the research, authorship, and/or publication of this article: This research is part of a Leverhulme Trust-funded PhD training programme. || Grant: QMERC2019/70","Declaration of conflicting interestsThe author(s) declared no potential conflicts of interest with respect to the research, authorship, and/or publication of this article.",TRUE,TRUE
"10.1111/cdev.13933","unknown || Royal Society || Funding informationLeverhulme Trust, Grant/Award Number: RPG-2019-003; Royal Society Dorothy Hodgkin Fellowship || Grant: RPG-2019-003",NA,TRUE,FALSE
"10.1111/fare.12905","Humanities and Social Sciences Youth Foundation of Ministry of Education of China || Funding informationThis research was supported by grants from the Humanities and Social Sciences Youth Foundation of Ministry of Education of China (22YJC880114). || Grant: 22YJC880114",NA,TRUE,FALSE
"10.1080/00224545.2023.2224546","Hofstra University IRB || FundingThe author(s) reported there is no funding associated with the work featured in this article. || AcknowledgmentsThe author declares that there are no potential conflicts of interest with respect to the research, authorship, and/or publication of this article. The author received no financial support for the research, authorship, and/or publication of this article. This article adheres to the ethical guidelines specified in the APA Code of Conduct. All studies reported received ethics approval by the Hofstra University IRB. The materials for the studies are available at: doi.org/10.17605/ OSF.IO/7PF3C The data that support the findings of the studies are available at: doi.org/10.17605/OSF.IO/3NVQ4","Disclosure statementNo potential conflict of interest was reported by the author(s).",TRUE,TRUE
"10.1080/10447318.2023.2232977",NA,"Disclosure statementNo potential conflict of interest was reported by the author(s).",FALSE,TRUE
"10.1037/emo0001199","unknown || NIGMS || This research was supported by a grant from NINR-R01NR011906 (Christopher D. Houck, PI) and NIGMS-P20GM103644 (Amy Hughes Lansing, PD).The authors declare that they have no conflict of interest. Caroline Cummings served as lead for formal analysis, software, visualization, writing-original draft, and writing-review and editing. Amy for formal analysis, software, visualization, writing-original draft, and writing-review and editing. Wendy Hadley served in a supporting role for supervision, writing-original draft, and writing-review and editing. Christopher D. Houck served as lead for data curation, funding acquisition, investigation, methodology, and project administration and served in a supporting role for supervision, writing-original draft, || Grant: NINR-R01NR011906 || Grant: -P20GM103644","Houck, PI) and NIGMS-P20GM103644 (Amy Hughes Lansing, PD).The authors declare that they have no conflict of interest.",TRUE,TRUE
"10.1177/07342829221151005","FundingThe author(s) received no financial support for the research, authorship, and/or publication of this article.","Declaration of conflicting interestsThe author(s) declared no potential conflicts of interest with respect to the research, authorship, and/or publication of this article.",TRUE,TRUE
"10.1111/apps.12466","Projekt DEAL || ACKNOWLEDGMENTSA previous version of this paper was presented at the 80th Annual Meeting of the Academy of Management, and we thank the participants for their insightful feedback.Open Access funding enabled and organized by Projekt DEAL.","CONFLICT OF INTEREST STATEMENTThe authors declare that they have no conflict of interest.",TRUE,TRUE
"10.1111/psyp.14316","National Science Centre || National Science Centre in Poland || Funding informationNational Science Centre, Grant/Award Number: 2018/31/N/HS6/03962 || FUNDING INFORMATIONThis work was supported by a grant from the National Science Centre in Poland (2018/31/N/HS6/03962). Results of this study were presented at the 62nd Annual Meeting of the Society for Psychophysiological Research. || Grant: 2018/31/N/HS6/03962","CONFLICT OF INTEREST STATEMENTThe authors declare no conflict of interest.",TRUE,TRUE
